id,name,autonomous_community,province,municipality,island,restriction_class,status,confidence,effect_start,effect_end,effect_date,effect_time_note,description,affected_modes,exemptions,road_code,road_reference,direction,planning_relevance,geometry_type,geometry_quality,map_query,source_urls,source_publishers,last_verified,notes
gal-ac-01,Torre de Hércules,Galicia,A Coruña,A Coruña,,eclipse_observation_exclusion,provisional_confirmed_list,medium,,,2026-08-12,Exact hours and boundary not published.,Observation of the eclipse is prohibited at this named exclusion point. The 29-point list was described as provisional.,pedestrian; vehicle_access; eclipse_observation,,,,,viewing_location_unavailable,,authority_named_place_no_boundary,"Torre de Hércules, A Coruña, A Coruña, Galicia, Spain",https://www.europapress.es/galego/noticia-torre-hercules-monte-pindo-fucino-do-porco-os-29-puntos-exclusion-eclipse-20260728154101.html; https://cadenaser.com/galicia/2026/07/28/las-zonas-prohibidas-para-el-eclipse-de-sol-donde-no-se-podra-ver-la-cita-del-12-de-agosto-en-galicia-radio-galicia/,Europa Press Galicia; Cadena SER Galicia,2026-08-02T09:30:00+02:00,No polygon or precise perimeter was published; do not infer that only a single map pin is excluded.
gal-ac-02,Illas de San Pedro,Galicia,A Coruña,A Coruña,,eclipse_observation_exclusion,provisional_confirmed_list,medium,,,2026-08-12,Exact hours and boundary not published.,Observation of the eclipse is prohibited at this named exclusion point. The 29-point list was described as provisional.,pedestrian; vehicle_access; eclipse_observation,,,,,viewing_location_unavailable,,authority_named_place_no_boundary,"Illas de San Pedro, A Coruña, A Coruña, Galicia, Spain",https://www.europapress.es/galego/noticia-torre-hercules-monte-pindo-fucino-do-porco-os-29-puntos-exclusion-eclipse-20260728154101.html; https://cadenaser.com/galicia/2026/07/28/las-zonas-prohibidas-para-el-eclipse-de-sol-donde-no-se-podra-ver-la-cita-del-12-de-agosto-en-galicia-radio-galicia/,Europa Press Galicia; Cadena SER Galicia,2026-08-02T09:30:00+02:00,No polygon or precise perimeter was published; do not infer that only a single map pin is excluded.
gal-ac-03,Praia do Pedrido,Galicia,A Coruña,Bergondo,,eclipse_observation_exclusion,provisional_confirmed_list,medium,,,2026-08-12,Exact hours and boundary not published.,Observation of the eclipse is prohibited at this named exclusion point. The 29-point list was described as provisional.,pedestrian; vehicle_access; eclipse_observation,,,,,viewing_location_unavailable,,authority_named_place_no_boundary,"Praia do Pedrido, Bergondo, A Coruña, Galicia, Spain",https://www.europapress.es/galego/noticia-torre-hercules-monte-pindo-fucino-do-porco-os-29-puntos-exclusion-eclipse-20260728154101.html; https://cadenaser.com/galicia/2026/07/28/las-zonas-prohibidas-para-el-eclipse-de-sol-donde-no-se-podra-ver-la-cita-del-12-de-agosto-en-galicia-radio-galicia/,Europa Press Galicia; Cadena SER Galicia,2026-08-02T09:30:00+02:00,No polygon or precise perimeter was published; do not infer that only a single map pin is excluded.
gal-ac-04,Miradoiro de Cabana,Galicia,A Coruña,,,eclipse_observation_exclusion,provisional_confirmed_list,medium,,,2026-08-12,Exact hours and boundary not published.,Observation of the eclipse is prohibited at this named exclusion point. The 29-point list was described as provisional.,pedestrian; vehicle_access; eclipse_observation,,,,,viewing_location_unavailable,,authority_named_place_no_boundary,"Miradoiro de Cabana, A Coruña, Galicia, Spain",https://www.europapress.es/galego/noticia-torre-hercules-monte-pindo-fucino-do-porco-os-29-puntos-exclusion-eclipse-20260728154101.html; https://cadenaser.com/galicia/2026/07/28/las-zonas-prohibidas-para-el-eclipse-de-sol-donde-no-se-podra-ver-la-cita-del-12-de-agosto-en-galicia-radio-galicia/,Europa Press Galicia; Cadena SER Galicia,2026-08-02T09:30:00+02:00,No polygon or precise perimeter was published; do not infer that only a single map pin is excluded.
gal-ac-05,A Berberecheira,Galicia,A Coruña,,,eclipse_observation_exclusion,provisional_confirmed_list,medium,,,2026-08-12,Exact hours and boundary not published.,Observation of the eclipse is prohibited at this named exclusion point. The 29-point list was described as provisional.,pedestrian; vehicle_access; eclipse_observation,,,,,viewing_location_unavailable,,authority_named_place_no_boundary,"A Berberecheira, A Coruña, Galicia, Spain",https://www.europapress.es/galego/noticia-torre-hercules-monte-pindo-fucino-do-porco-os-29-puntos-exclusion-eclipse-20260728154101.html; https://cadenaser.com/galicia/2026/07/28/las-zonas-prohibidas-para-el-eclipse-de-sol-donde-no-se-podra-ver-la-cita-del-12-de-agosto-en-galicia-radio-galicia/,Europa Press Galicia; Cadena SER Galicia,2026-08-02T09:30:00+02:00,No polygon or precise perimeter was published; do not infer that only a single map pin is excluded.
gal-ac-06,Praia de Carnota,Galicia,A Coruña,Carnota,,eclipse_observation_exclusion,provisional_confirmed_list,medium,,,2026-08-12,Exact hours and boundary not published.,Observation of the eclipse is prohibited at this named exclusion point. The 29-point list was described as provisional.,pedestrian; vehicle_access; eclipse_observation,,,,,viewing_location_unavailable,,authority_named_place_no_boundary,"Praia de Carnota, Carnota, A Coruña, Galicia, Spain",https://www.europapress.es/galego/noticia-torre-hercules-monte-pindo-fucino-do-porco-os-29-puntos-exclusion-eclipse-20260728154101.html; https://cadenaser.com/galicia/2026/07/28/las-zonas-prohibidas-para-el-eclipse-de-sol-donde-no-se-podra-ver-la-cita-del-12-de-agosto-en-galicia-radio-galicia/,Europa Press Galicia; Cadena SER Galicia,2026-08-02T09:30:00+02:00,No polygon or precise perimeter was published; do not infer that only a single map pin is excluded.
gal-ac-07,Monte Pindo,Galicia,A Coruña,Carnota,,eclipse_observation_exclusion,provisional_confirmed_list,medium,,,2026-08-12,Exact hours and boundary not published.,Observation of the eclipse is prohibited at this named exclusion point. The 29-point list was described as provisional.,pedestrian; vehicle_access; eclipse_observation,,,,,viewing_location_unavailable,,authority_named_place_no_boundary,"Monte Pindo, Carnota, A Coruña, Galicia, Spain",https://www.europapress.es/galego/noticia-torre-hercules-monte-pindo-fucino-do-porco-os-29-puntos-exclusion-eclipse-20260728154101.html; https://cadenaser.com/galicia/2026/07/28/las-zonas-prohibidas-para-el-eclipse-de-sol-donde-no-se-podra-ver-la-cita-del-12-de-agosto-en-galicia-radio-galicia/,Europa Press Galicia; Cadena SER Galicia,2026-08-02T09:30:00+02:00,No polygon or precise perimeter was published; do not infer that only a single map pin is excluded.
gal-ac-08,As Furnas,Galicia,A Coruña,Oleiros,,eclipse_observation_exclusion,provisional_confirmed_list,medium,,,2026-08-12,Exact hours and boundary not published.,Observation of the eclipse is prohibited at this named exclusion point. The 29-point list was described as provisional.,pedestrian; vehicle_access; eclipse_observation,,,,,viewing_location_unavailable,,authority_named_place_no_boundary,"As Furnas, Oleiros, A Coruña, Galicia, Spain",https://www.europapress.es/galego/noticia-torre-hercules-monte-pindo-fucino-do-porco-os-29-puntos-exclusion-eclipse-20260728154101.html; https://cadenaser.com/galicia/2026/07/28/las-zonas-prohibidas-para-el-eclipse-de-sol-donde-no-se-podra-ver-la-cita-del-12-de-agosto-en-galicia-radio-galicia/,Europa Press Galicia; Cadena SER Galicia,2026-08-02T09:30:00+02:00,No polygon or precise perimeter was published; do not infer that only a single map pin is excluded.
gal-lu-01,Castelo de Castro de Ouro,Galicia,Lugo,Alfoz,,eclipse_observation_exclusion,provisional_confirmed_list,medium,,,2026-08-12,Exact hours and boundary not published.,Observation of the eclipse is prohibited at this named exclusion point. The 29-point list was described as provisional.,pedestrian; vehicle_access; eclipse_observation,,,,,viewing_location_unavailable,,authority_named_place_no_boundary,"Castelo de Castro de Ouro, Alfoz, Lugo, Galicia, Spain",https://www.europapress.es/galego/noticia-torre-hercules-monte-pindo-fucino-do-porco-os-29-puntos-exclusion-eclipse-20260728154101.html; https://cadenaser.com/galicia/2026/07/28/las-zonas-prohibidas-para-el-eclipse-de-sol-donde-no-se-podra-ver-la-cita-del-12-de-agosto-en-galicia-radio-galicia/,Europa Press Galicia; Cadena SER Galicia,2026-08-02T09:30:00+02:00,No polygon or precise perimeter was published; do not infer that only a single map pin is excluded.
gal-lu-02,A Anguieira,Galicia,Lugo,Barreiros,,eclipse_observation_exclusion,provisional_confirmed_list,medium,,,2026-08-12,Exact hours and boundary not published.,Observation of the eclipse is prohibited at this named exclusion point. The 29-point list was described as provisional.,pedestrian; vehicle_access; eclipse_observation,,,,,viewing_location_unavailable,,authority_named_place_no_boundary,"A Anguieira, Barreiros, Lugo, Galicia, Spain",https://www.europapress.es/galego/noticia-torre-hercules-monte-pindo-fucino-do-porco-os-29-puntos-exclusion-eclipse-20260728154101.html; https://cadenaser.com/galicia/2026/07/28/las-zonas-prohibidas-para-el-eclipse-de-sol-donde-no-se-podra-ver-la-cita-del-12-de-agosto-en-galicia-radio-galicia/,Europa Press Galicia; Cadena SER Galicia,2026-08-02T09:30:00+02:00,No polygon or precise perimeter was published; do not infer that only a single map pin is excluded.
gal-lu-03,Monte Comado,Galicia,Lugo,Barreiros,,eclipse_observation_exclusion,provisional_confirmed_list,medium,,,2026-08-12,Exact hours and boundary not published.,Observation of the eclipse is prohibited at this named exclusion point. The 29-point list was described as provisional.,pedestrian; vehicle_access; eclipse_observation,,,,,viewing_location_unavailable,,authority_named_place_no_boundary,"Monte Comado, Barreiros, Lugo, Galicia, Spain",https://www.europapress.es/galego/noticia-torre-hercules-monte-pindo-fucino-do-porco-os-29-puntos-exclusion-eclipse-20260728154101.html; https://cadenaser.com/galicia/2026/07/28/las-zonas-prohibidas-para-el-eclipse-de-sol-donde-no-se-podra-ver-la-cita-del-12-de-agosto-en-galicia-radio-galicia/,Europa Press Galicia; Cadena SER Galicia,2026-08-02T09:30:00+02:00,No polygon or precise perimeter was published; do not infer that only a single map pin is excluded.
gal-lu-04,Monte Cornería,Galicia,Lugo,Barreiros,,eclipse_observation_exclusion,provisional_confirmed_list,medium,,,2026-08-12,Exact hours and boundary not published.,Observation of the eclipse is prohibited at this named exclusion point. The 29-point list was described as provisional.,pedestrian; vehicle_access; eclipse_observation,,,,,viewing_location_unavailable,,authority_named_place_no_boundary,"Monte Cornería, Barreiros, Lugo, Galicia, Spain",https://www.europapress.es/galego/noticia-torre-hercules-monte-pindo-fucino-do-porco-os-29-puntos-exclusion-eclipse-20260728154101.html; https://cadenaser.com/galicia/2026/07/28/las-zonas-prohibidas-para-el-eclipse-de-sol-donde-no-se-podra-ver-la-cita-del-12-de-agosto-en-galicia-radio-galicia/,Europa Press Galicia; Cadena SER Galicia,2026-08-02T09:30:00+02:00,No polygon or precise perimeter was published; do not infer that only a single map pin is excluded.
gal-lu-05,Monte Pebanor,Galicia,Lugo,Barreiros,,eclipse_observation_exclusion,provisional_confirmed_list,medium,,,2026-08-12,Exact hours and boundary not published.,Observation of the eclipse is prohibited at this named exclusion point. The 29-point list was described as provisional.,pedestrian; vehicle_access; eclipse_observation,,,,,viewing_location_unavailable,,authority_named_place_no_boundary,"Monte Pebanor, Barreiros, Lugo, Galicia, Spain",https://www.europapress.es/galego/noticia-torre-hercules-monte-pindo-fucino-do-porco-os-29-puntos-exclusion-eclipse-20260728154101.html; https://cadenaser.com/galicia/2026/07/28/las-zonas-prohibidas-para-el-eclipse-de-sol-donde-no-se-podra-ver-la-cita-del-12-de-agosto-en-galicia-radio-galicia/,Europa Press Galicia; Cadena SER Galicia,2026-08-02T09:30:00+02:00,No polygon or precise perimeter was published; do not infer that only a single map pin is excluded.
gal-lu-06,Santo Estevo do Ermo,Galicia,Lugo,Barreiros,,eclipse_observation_exclusion,provisional_confirmed_list,medium,,,2026-08-12,Exact hours and boundary not published.,Observation of the eclipse is prohibited at this named exclusion point. The 29-point list was described as provisional.,pedestrian; vehicle_access; eclipse_observation,,,,,viewing_location_unavailable,,authority_named_place_no_boundary,"Santo Estevo do Ermo, Barreiros, Lugo, Galicia, Spain",https://www.europapress.es/galego/noticia-torre-hercules-monte-pindo-fucino-do-porco-os-29-puntos-exclusion-eclipse-20260728154101.html; https://cadenaser.com/galicia/2026/07/28/las-zonas-prohibidas-para-el-eclipse-de-sol-donde-no-se-podra-ver-la-cita-del-12-de-agosto-en-galicia-radio-galicia/,Europa Press Galicia; Cadena SER Galicia,2026-08-02T09:30:00+02:00,No polygon or precise perimeter was published; do not infer that only a single map pin is excluded.
gal-lu-07,Explanada do Parque dos Condes,Galicia,Lugo,Monforte de Lemos,,eclipse_observation_exclusion,provisional_confirmed_list,medium,,,2026-08-12,Exact hours and boundary not published.,Observation of the eclipse is prohibited at this named exclusion point. The 29-point list was described as provisional.,pedestrian; vehicle_access; eclipse_observation,,,,,viewing_location_unavailable,,authority_named_place_no_boundary,"Explanada do Parque dos Condes, Monforte de Lemos, Lugo, Galicia, Spain",https://www.europapress.es/galego/noticia-torre-hercules-monte-pindo-fucino-do-porco-os-29-puntos-exclusion-eclipse-20260728154101.html; https://cadenaser.com/galicia/2026/07/28/las-zonas-prohibidas-para-el-eclipse-de-sol-donde-no-se-podra-ver-la-cita-del-12-de-agosto-en-galicia-radio-galicia/,Europa Press Galicia; Cadena SER Galicia,2026-08-02T09:30:00+02:00,No polygon or precise perimeter was published; do not infer that only a single map pin is excluded.
gal-lu-08,Miradoiro de Tixoso,Galicia,Lugo,O Vicedo,,eclipse_observation_exclusion,provisional_confirmed_list,medium,,,2026-08-12,Exact hours and boundary not published.,Observation of the eclipse is prohibited at this named exclusion point. The 29-point list was described as provisional.,pedestrian; vehicle_access; eclipse_observation,,,,,viewing_location_unavailable,,authority_named_place_no_boundary,"Miradoiro de Tixoso, O Vicedo, Lugo, Galicia, Spain",https://www.europapress.es/galego/noticia-torre-hercules-monte-pindo-fucino-do-porco-os-29-puntos-exclusion-eclipse-20260728154101.html; https://cadenaser.com/galicia/2026/07/28/las-zonas-prohibidas-para-el-eclipse-de-sol-donde-no-se-podra-ver-la-cita-del-12-de-agosto-en-galicia-radio-galicia/,Europa Press Galicia; Cadena SER Galicia,2026-08-02T09:30:00+02:00,No polygon or precise perimeter was published; do not infer that only a single map pin is excluded.
gal-lu-09,Ponte do Río Sor,Galicia,Lugo,O Vicedo,,eclipse_observation_exclusion,provisional_confirmed_list,medium,,,2026-08-12,Exact hours and boundary not published.,Observation of the eclipse is prohibited at this named exclusion point. The 29-point list was described as provisional.,pedestrian; vehicle_access; eclipse_observation,,,,,viewing_location_unavailable,,authority_named_place_no_boundary,"Ponte do Río Sor, O Vicedo, Lugo, Galicia, Spain",https://www.europapress.es/galego/noticia-torre-hercules-monte-pindo-fucino-do-porco-os-29-puntos-exclusion-eclipse-20260728154101.html; https://cadenaser.com/galicia/2026/07/28/las-zonas-prohibidas-para-el-eclipse-de-sol-donde-no-se-podra-ver-la-cita-del-12-de-agosto-en-galicia-radio-galicia/,Europa Press Galicia; Cadena SER Galicia,2026-08-02T09:30:00+02:00,No polygon or precise perimeter was published; do not infer that only a single map pin is excluded.
gal-lu-10,Miradoiro das Laxes,Galicia,Lugo,O Vicedo,,eclipse_observation_exclusion,provisional_confirmed_list,medium,,,2026-08-12,Exact hours and boundary not published.,Observation of the eclipse is prohibited at this named exclusion point. The 29-point list was described as provisional.,pedestrian; vehicle_access; eclipse_observation,,,,,viewing_location_unavailable,,authority_named_place_no_boundary,"Miradoiro das Laxes, O Vicedo, Lugo, Galicia, Spain",https://www.europapress.es/galego/noticia-torre-hercules-monte-pindo-fucino-do-porco-os-29-puntos-exclusion-eclipse-20260728154101.html; https://cadenaser.com/galicia/2026/07/28/las-zonas-prohibidas-para-el-eclipse-de-sol-donde-no-se-podra-ver-la-cita-del-12-de-agosto-en-galicia-radio-galicia/,Europa Press Galicia; Cadena SER Galicia,2026-08-02T09:30:00+02:00,No polygon or precise perimeter was published; do not infer that only a single map pin is excluded.
gal-lu-11,Ponte do Porto,Galicia,Lugo,O Vicedo,,eclipse_observation_exclusion,provisional_confirmed_list,medium,,,2026-08-12,Exact hours and boundary not published.,Observation of the eclipse is prohibited at this named exclusion point. The 29-point list was described as provisional.,pedestrian; vehicle_access; eclipse_observation,,,,,viewing_location_unavailable,,authority_named_place_no_boundary,"Ponte do Porto, O Vicedo, Lugo, Galicia, Spain",https://www.europapress.es/galego/noticia-torre-hercules-monte-pindo-fucino-do-porco-os-29-puntos-exclusion-eclipse-20260728154101.html; https://cadenaser.com/galicia/2026/07/28/las-zonas-prohibidas-para-el-eclipse-de-sol-donde-no-se-podra-ver-la-cita-del-12-de-agosto-en-galicia-radio-galicia/,Europa Press Galicia; Cadena SER Galicia,2026-08-02T09:30:00+02:00,No polygon or precise perimeter was published; do not infer that only a single map pin is excluded.
gal-lu-12,Miradoiro de Moreiras,Galicia,Lugo,O Vicedo,,eclipse_observation_exclusion,provisional_confirmed_list,medium,,,2026-08-12,Exact hours and boundary not published.,Observation of the eclipse is prohibited at this named exclusion point. The 29-point list was described as provisional.,pedestrian; vehicle_access; eclipse_observation,,,,,viewing_location_unavailable,,authority_named_place_no_boundary,"Miradoiro de Moreiras, O Vicedo, Lugo, Galicia, Spain",https://www.europapress.es/galego/noticia-torre-hercules-monte-pindo-fucino-do-porco-os-29-puntos-exclusion-eclipse-20260728154101.html; https://cadenaser.com/galicia/2026/07/28/las-zonas-prohibidas-para-el-eclipse-de-sol-donde-no-se-podra-ver-la-cita-del-12-de-agosto-en-galicia-radio-galicia/,Europa Press Galicia; Cadena SER Galicia,2026-08-02T09:30:00+02:00,No polygon or precise perimeter was published; do not infer that only a single map pin is excluded.
gal-lu-13,Fuciño do Porco,Galicia,Lugo,O Vicedo,,eclipse_observation_exclusion,provisional_confirmed_list,medium,,,2026-08-12,Exact hours and boundary not published.,Observation of the eclipse is prohibited at this named exclusion point. The 29-point list was described as provisional.,pedestrian; vehicle_access; eclipse_observation,,,,,viewing_location_unavailable,,authority_named_place_no_boundary,"Fuciño do Porco, O Vicedo, Lugo, Galicia, Spain",https://www.europapress.es/galego/noticia-torre-hercules-monte-pindo-fucino-do-porco-os-29-puntos-exclusion-eclipse-20260728154101.html; https://cadenaser.com/galicia/2026/07/28/las-zonas-prohibidas-para-el-eclipse-de-sol-donde-no-se-podra-ver-la-cita-del-12-de-agosto-en-galicia-radio-galicia/,Europa Press Galicia; Cadena SER Galicia,2026-08-02T09:30:00+02:00,No polygon or precise perimeter was published; do not infer that only a single map pin is excluded.
gal-lu-14,Zona próxima á Ermida de San Marcos,Galicia,Lugo,Sarria,,eclipse_observation_exclusion,provisional_confirmed_list,medium,,,2026-08-12,Exact hours and boundary not published.,Observation of the eclipse is prohibited at this named exclusion point. The 29-point list was described as provisional.,pedestrian; vehicle_access; eclipse_observation,,,,,viewing_location_unavailable,,authority_named_place_no_boundary,"Zona próxima á Ermida de San Marcos, Sarria, Lugo, Galicia, Spain",https://www.europapress.es/galego/noticia-torre-hercules-monte-pindo-fucino-do-porco-os-29-puntos-exclusion-eclipse-20260728154101.html; https://cadenaser.com/galicia/2026/07/28/las-zonas-prohibidas-para-el-eclipse-de-sol-donde-no-se-podra-ver-la-cita-del-12-de-agosto-en-galicia-radio-galicia/,Europa Press Galicia; Cadena SER Galicia,2026-08-02T09:30:00+02:00,No polygon or precise perimeter was published; do not infer that only a single map pin is excluded.
gal-lu-15,Acantilados de Papel,Galicia,Lugo,Xove,,eclipse_observation_exclusion,provisional_confirmed_list,medium,,,2026-08-12,Exact hours and boundary not published.,Observation of the eclipse is prohibited at this named exclusion point. The 29-point list was described as provisional.,pedestrian; vehicle_access; eclipse_observation,,,,,viewing_location_unavailable,,authority_named_place_no_boundary,"Acantilados de Papel, Xove, Lugo, Galicia, Spain",https://www.europapress.es/galego/noticia-torre-hercules-monte-pindo-fucino-do-porco-os-29-puntos-exclusion-eclipse-20260728154101.html; https://cadenaser.com/galicia/2026/07/28/las-zonas-prohibidas-para-el-eclipse-de-sol-donde-no-se-podra-ver-la-cita-del-12-de-agosto-en-galicia-radio-galicia/,Europa Press Galicia; Cadena SER Galicia,2026-08-02T09:30:00+02:00,No polygon or precise perimeter was published; do not infer that only a single map pin is excluded.
gal-lu-16,Punta da Mansa,Galicia,Lugo,Xove,,eclipse_observation_exclusion,provisional_confirmed_list,medium,,,2026-08-12,Exact hours and boundary not published.,Observation of the eclipse is prohibited at this named exclusion point. The 29-point list was described as provisional.,pedestrian; vehicle_access; eclipse_observation,,,,,viewing_location_unavailable,,authority_named_place_no_boundary,"Punta da Mansa, Xove, Lugo, Galicia, Spain",https://www.europapress.es/galego/noticia-torre-hercules-monte-pindo-fucino-do-porco-os-29-puntos-exclusion-eclipse-20260728154101.html; https://cadenaser.com/galicia/2026/07/28/las-zonas-prohibidas-para-el-eclipse-de-sol-donde-no-se-podra-ver-la-cita-del-12-de-agosto-en-galicia-radio-galicia/,Europa Press Galicia; Cadena SER Galicia,2026-08-02T09:30:00+02:00,No polygon or precise perimeter was published; do not infer that only a single map pin is excluded.
gal-lu-17,Faro Roncadoiro,Galicia,Lugo,Xove,,eclipse_observation_exclusion,provisional_confirmed_list,medium,,,2026-08-12,Exact hours and boundary not published.,Observation of the eclipse is prohibited at this named exclusion point. The 29-point list was described as provisional.,pedestrian; vehicle_access; eclipse_observation,,,,,viewing_location_unavailable,,authority_named_place_no_boundary,"Faro Roncadoiro, Xove, Lugo, Galicia, Spain",https://www.europapress.es/galego/noticia-torre-hercules-monte-pindo-fucino-do-porco-os-29-puntos-exclusion-eclipse-20260728154101.html; https://cadenaser.com/galicia/2026/07/28/las-zonas-prohibidas-para-el-eclipse-de-sol-donde-no-se-podra-ver-la-cita-del-12-de-agosto-en-galicia-radio-galicia/,Europa Press Galicia; Cadena SER Galicia,2026-08-02T09:30:00+02:00,No polygon or precise perimeter was published; do not infer that only a single map pin is excluded.
gal-ou-01,Pista de montaña no Miradoiro de San Martín,Galicia,Ourense,A Rúa,,eclipse_observation_exclusion,provisional_confirmed_list,medium,,,2026-08-12,Exact hours and boundary not published.,Observation of the eclipse is prohibited at this named exclusion point. The 29-point list was described as provisional.,pedestrian; vehicle_access; eclipse_observation,,,,,viewing_location_unavailable,,authority_named_place_no_boundary,"Pista de montaña no Miradoiro de San Martín, A Rúa, Ourense, Galicia, Spain",https://www.europapress.es/galego/noticia-torre-hercules-monte-pindo-fucino-do-porco-os-29-puntos-exclusion-eclipse-20260728154101.html; https://cadenaser.com/galicia/2026/07/28/las-zonas-prohibidas-para-el-eclipse-de-sol-donde-no-se-podra-ver-la-cita-del-12-de-agosto-en-galicia-radio-galicia/,Europa Press Galicia; Cadena SER Galicia,2026-08-02T09:30:00+02:00,No polygon or precise perimeter was published; do not infer that only a single map pin is excluded.
gal-po-01,Xestoso,Galicia,Pontevedra,Silleda,,eclipse_observation_exclusion,provisional_confirmed_list,medium,,,2026-08-12,Exact hours and boundary not published.,Observation of the eclipse is prohibited at this named exclusion point. The 29-point list was described as provisional.,pedestrian; vehicle_access; eclipse_observation,,,,,viewing_location_unavailable,,authority_named_place_no_boundary,"Xestoso, Silleda, Pontevedra, Galicia, Spain",https://www.europapress.es/galego/noticia-torre-hercules-monte-pindo-fucino-do-porco-os-29-puntos-exclusion-eclipse-20260728154101.html; https://cadenaser.com/galicia/2026/07/28/las-zonas-prohibidas-para-el-eclipse-de-sol-donde-no-se-podra-ver-la-cita-del-12-de-agosto-en-galicia-radio-galicia/,Europa Press Galicia; Cadena SER Galicia,2026-08-02T09:30:00+02:00,No polygon or precise perimeter was published; do not infer that only a single map pin is excluded.
gal-po-02,Fervenza do Toxa,Galicia,Pontevedra,Silleda,,eclipse_observation_exclusion,provisional_confirmed_list,medium,,,2026-08-12,Exact hours and boundary not published.,Observation of the eclipse is prohibited at this named exclusion point. The 29-point list was described as provisional.,pedestrian; vehicle_access; eclipse_observation,,,,,viewing_location_unavailable,,authority_named_place_no_boundary,"Fervenza do Toxa, Silleda, Pontevedra, Galicia, Spain",https://www.europapress.es/galego/noticia-torre-hercules-monte-pindo-fucino-do-porco-os-29-puntos-exclusion-eclipse-20260728154101.html; https://cadenaser.com/galicia/2026/07/28/las-zonas-prohibidas-para-el-eclipse-de-sol-donde-no-se-podra-ver-la-cita-del-12-de-agosto-en-galicia-radio-galicia/,Europa Press Galicia; Cadena SER Galicia,2026-08-02T09:30:00+02:00,No polygon or precise perimeter was published; do not infer that only a single map pin is excluded.
gal-po-03,Monte da Guía,Galicia,Pontevedra,Vigo,,eclipse_observation_exclusion,provisional_confirmed_list,medium,,,2026-08-12,Exact hours and boundary not published.,Observation of the eclipse is prohibited at this named exclusion point. The 29-point list was described as provisional.,pedestrian; vehicle_access; eclipse_observation,,,,,viewing_location_unavailable,,authority_named_place_no_boundary,"Monte da Guía, Vigo, Pontevedra, Galicia, Spain",https://www.europapress.es/galego/noticia-torre-hercules-monte-pindo-fucino-do-porco-os-29-puntos-exclusion-eclipse-20260728154101.html; https://cadenaser.com/galicia/2026/07/28/las-zonas-prohibidas-para-el-eclipse-de-sol-donde-no-se-podra-ver-la-cita-del-12-de-agosto-en-galicia-radio-galicia/,Europa Press Galicia; Cadena SER Galicia,2026-08-02T09:30:00+02:00,No polygon or precise perimeter was published; do not infer that only a single map pin is excluded.
bal-ma-01,Sant Elm access,Illes Balears,Illes Balears,Andratx,Mallorca,motor_vehicle_access_control,confirmed,high,2026-08-12T15:00:00+02:00,2026-08-12T21:00:00+02:00,,"Controls may begin earlier or continue later for safety, congestion or full parking.",Motor-vehicle access will be closed or regulated at the stated control point.,car; motorcycle; moped,accredited residents; persons with an accredited home in the restricted zone; accredited workers; public transport; hotel/accommodation guests under published conditions; restaurant customers with reservation and assured parking; emergency and essential public services; other vehicles specifically authorized by the competent authority,Ma-1030,"Roundabout from s'Arracó to Sant Elm, at Ma-1050 junction",,private_vehicle_access_restricted,,official_road_reference_no_coordinates,"Ma-1030, Roundabout from s'Arracó to Sant Elm, at Ma-1050 junction, Andratx, Mallorca, Spain",https://www.caib.es/webgoib/es/-/mesures-de-control-restricci%C3%B3-i-tancament-3,Govern de les Illes Balears,2026-08-02T09:30:00+02:00,
bal-ma-02,Andratx Ma-10 access,Illes Balears,Illes Balears,Andratx,Mallorca,motor_vehicle_access_control,confirmed,high,2026-08-12T15:00:00+02:00,2026-08-12T21:00:00+02:00,,"Controls may begin earlier or continue later for safety, congestion or full parking.",Motor-vehicle access will be closed or regulated at the stated control point.,car; motorcycle; moped,accredited residents; persons with an accredited home in the restricted zone; accredited workers; public transport; hotel/accommodation guests under published conditions; restaurant customers with reservation and assured parking; emergency and essential public services; other vehicles specifically authorized by the competent authority,Ma-10,Ma-10 / Ma-1031 roundabout,,private_vehicle_access_restricted,,official_road_reference_no_coordinates,"Ma-10, Ma-10 / Ma-1031 roundabout, Andratx, Mallorca, Spain",https://www.caib.es/webgoib/es/-/mesures-de-control-restricci%C3%B3-i-tancament-3,Govern de les Illes Balears,2026-08-02T09:30:00+02:00,
bal-ma-03,Cala Estellencs access,Illes Balears,Illes Balears,Estellencs,Mallorca,motor_vehicle_access_control,confirmed,high,2026-08-12T15:00:00+02:00,2026-08-12T21:00:00+02:00,,"Controls may begin earlier or continue later for safety, congestion or full parking.",Motor-vehicle access will be closed or regulated at the stated control point.,car; motorcycle; moped,accredited residents; persons with an accredited home in the restricted zone; accredited workers; public transport; hotel/accommodation guests under published conditions; restaurant customers with reservation and assured parking; emergency and essential public services; other vehicles specifically authorized by the competent authority,Ma-10,Camí des Port / Cala Estellencs access,,private_vehicle_access_restricted,,official_road_reference_no_coordinates,"Ma-10, Camí des Port / Cala Estellencs access, Estellencs, Mallorca, Spain",https://www.caib.es/webgoib/es/-/mesures-de-control-restricci%C3%B3-i-tancament-3,Govern de les Illes Balears,2026-08-02T09:30:00+02:00,
bal-ma-04,Cala Banyalbufar access,Illes Balears,Illes Balears,Banyalbufar,Mallorca,motor_vehicle_access_control,confirmed,high,2026-08-12T15:00:00+02:00,2026-08-12T21:00:00+02:00,,"Controls may begin earlier or continue later for safety, congestion or full parking.",Motor-vehicle access will be closed or regulated at the stated control point.,car; motorcycle; moped,accredited residents; persons with an accredited home in the restricted zone; accredited workers; public transport; hotel/accommodation guests under published conditions; restaurant customers with reservation and assured parking; emergency and essential public services; other vehicles specifically authorized by the competent authority,Ma-10,Camí des Molí / Cala Banyalbufar access,,private_vehicle_access_restricted,,official_road_reference_no_coordinates,"Ma-10, Camí des Molí / Cala Banyalbufar access, Banyalbufar, Mallorca, Spain",https://www.caib.es/webgoib/es/-/mesures-de-control-restricci%C3%B3-i-tancament-3,Govern de les Illes Balears,2026-08-02T09:30:00+02:00,
bal-ma-05,Esporles Ma-10 controls,Illes Balears,Illes Balears,Esporles,Mallorca,motor_vehicle_access_control,confirmed,high,2026-08-12T15:00:00+02:00,2026-08-12T21:00:00+02:00,,"Controls may begin earlier or continue later for safety, congestion or full parking.",Motor-vehicle access will be closed or regulated at the stated control point.,car; motorcycle; moped,accredited residents; persons with an accredited home in the restricted zone; accredited workers; public transport; hotel/accommodation guests under published conditions; restaurant customers with reservation and assured parking; emergency and essential public services; other vehicles specifically authorized by the competent authority,Ma-10,Ma-1100 / Ma-1101 and Ma-10 / Ma-1100 junctions,,private_vehicle_access_restricted,,official_road_reference_no_coordinates,"Ma-10, Ma-1100 / Ma-1101 and Ma-10 / Ma-1100 junctions, Esporles, Mallorca, Spain",https://www.caib.es/webgoib/es/-/mesures-de-control-restricci%C3%B3-i-tancament-3,Govern de les Illes Balears,2026-08-02T09:30:00+02:00,
bal-ma-06,Valldemossa Ma-10 access,Illes Balears,Illes Balears,Valldemossa,Mallorca,motor_vehicle_access_control,confirmed,high,2026-08-12T15:00:00+02:00,2026-08-12T21:00:00+02:00,,"Controls may begin earlier or continue later for safety, congestion or full parking.",Motor-vehicle access will be closed or regulated at the stated control point.,car; motorcycle; moped,accredited residents; persons with an accredited home in the restricted zone; accredited workers; public transport; hotel/accommodation guests under published conditions; restaurant customers with reservation and assured parking; emergency and essential public services; other vehicles specifically authorized by the competent authority,Ma-10,Ma-10 from Ma-1130,,private_vehicle_access_restricted,,official_road_reference_no_coordinates,"Ma-10, Ma-10 from Ma-1130, Valldemossa, Mallorca, Spain",https://www.caib.es/webgoib/es/-/mesures-de-control-restricci%C3%B3-i-tancament-3,Govern de les Illes Balears,2026-08-02T09:30:00+02:00,
bal-ma-07,Deià coastal accesses,Illes Balears,Illes Balears,Deià,Mallorca,motor_vehicle_access_control,confirmed,high,2026-08-12T15:00:00+02:00,2026-08-12T21:00:00+02:00,,"Controls may begin earlier or continue later for safety, congestion or full parking.",Motor-vehicle access will be closed or regulated at the stated control point.,car; motorcycle; moped,accredited residents; persons with an accredited home in the restricted zone; accredited workers; public transport; hotel/accommodation guests under published conditions; restaurant customers with reservation and assured parking; emergency and essential public services; other vehicles specifically authorized by the competent authority,Ma-10,"Camí de Sa Cala, Cala Deià road and Sa Foradada access",,private_vehicle_access_restricted,,official_road_reference_no_coordinates,"Ma-10, Camí de Sa Cala, Cala Deià road and Sa Foradada access, Deià, Mallorca, Spain",https://www.caib.es/webgoib/es/-/mesures-de-control-restricci%C3%B3-i-tancament-3,Govern de les Illes Balears,2026-08-02T09:30:00+02:00,
bal-ma-08,Sóller Ma-10 controls,Illes Balears,Illes Balears,Sóller,Mallorca,motor_vehicle_access_control,confirmed,high,2026-08-12T15:00:00+02:00,2026-08-12T21:00:00+02:00,,"Controls may begin earlier or continue later for safety, congestion or full parking.",Motor-vehicle access will be closed or regulated at the stated control point.,car; motorcycle; moped,accredited residents; persons with an accredited home in the restricted zone; accredited workers; public transport; hotel/accommodation guests under published conditions; restaurant customers with reservation and assured parking; emergency and essential public services; other vehicles specifically authorized by the competent authority,Ma-10,Monument roundabout and Ma-10 / Ma-11 junction,,private_vehicle_access_restricted,,official_road_reference_no_coordinates,"Ma-10, Monument roundabout and Ma-10 / Ma-11 junction, Sóller, Mallorca, Spain",https://www.caib.es/webgoib/es/-/mesures-de-control-restricci%C3%B3-i-tancament-3,Govern de les Illes Balears,2026-08-02T09:30:00+02:00,
bal-ma-09,Fornalutx Ma-10 access,Illes Balears,Illes Balears,Fornalutx,Mallorca,motor_vehicle_access_control,confirmed,high,2026-08-12T15:00:00+02:00,2026-08-12T21:00:00+02:00,,"Controls may begin earlier or continue later for safety, congestion or full parking.",Motor-vehicle access will be closed or regulated at the stated control point.,car; motorcycle; moped,accredited residents; persons with an accredited home in the restricted zone; accredited workers; public transport; hotel/accommodation guests under published conditions; restaurant customers with reservation and assured parking; emergency and essential public services; other vehicles specifically authorized by the competent authority,Ma-10,"Diversion at km 47.500, junction with Ma-2120",,private_vehicle_access_restricted,,official_road_reference_no_coordinates,"Ma-10, Diversion at km 47.500, junction with Ma-2120, Fornalutx, Mallorca, Spain",https://www.caib.es/webgoib/es/-/mesures-de-control-restricci%C3%B3-i-tancament-3,Govern de les Illes Balears,2026-08-02T09:30:00+02:00,
bal-ma-10,Escorca Ma-10 access,Illes Balears,Illes Balears,Escorca,Mallorca,motor_vehicle_access_control,confirmed,high,2026-08-12T15:00:00+02:00,2026-08-12T21:00:00+02:00,,"Controls may begin earlier or continue later for safety, congestion or full parking.",Motor-vehicle access will be closed or regulated at the stated control point.,car; motorcycle; moped,accredited residents; persons with an accredited home in the restricted zone; accredited workers; public transport; hotel/accommodation guests under published conditions; restaurant customers with reservation and assured parking; emergency and essential public services; other vehicles specifically authorized by the competent authority,Ma-10,Ma-2141 / Ma-10 junction,,private_vehicle_access_restricted,,official_road_reference_no_coordinates,"Ma-10, Ma-2141 / Ma-10 junction, Escorca, Mallorca, Spain",https://www.caib.es/webgoib/es/-/mesures-de-control-restricci%C3%B3-i-tancament-3,Govern de les Illes Balears,2026-08-02T09:30:00+02:00,
bal-ma-11,Caimari Ma-10 closure,Illes Balears,Illes Balears,Selva,Mallorca,motor_vehicle_access_control,confirmed,high,2026-08-12T15:00:00+02:00,2026-08-12T21:00:00+02:00,,"Controls may begin earlier or continue later for safety, congestion or full parking.",Motor-vehicle access will be closed or regulated at the stated control point.,car; motorcycle; moped,accredited residents; persons with an accredited home in the restricted zone; accredited workers; public transport; hotel/accommodation guests under published conditions; restaurant customers with reservation and assured parking; emergency and essential public services; other vehicles specifically authorized by the competent authority,Ma-10,Closure from Caimari at Ma-2130 / Creu de Caimari,,private_vehicle_access_restricted,,official_road_reference_no_coordinates,"Ma-10, Closure from Caimari at Ma-2130 / Creu de Caimari, Selva, Mallorca, Spain",https://www.caib.es/webgoib/es/-/mesures-de-control-restricci%C3%B3-i-tancament-3,Govern de les Illes Balears,2026-08-02T09:30:00+02:00,
bal-ma-12,Formentor access,Illes Balears,Illes Balears,Pollença,Mallorca,motor_vehicle_access_control,confirmed,high,2026-08-12T15:00:00+02:00,2026-08-12T21:00:00+02:00,,"Controls may begin earlier or continue later for safety, congestion or full parking.",Motor-vehicle access will be closed or regulated at the stated control point.,car; motorcycle; moped,accredited residents; persons with an accredited home in the restricted zone; accredited workers; public transport; hotel/accommodation guests under published conditions; restaurant customers with reservation and assured parking; emergency and essential public services; other vehicles specifically authorized by the competent authority,Ma-2210,Ma-10 km 0 resident-only toward Ma-10; Ma-2210 / Ma-2200 toward Mirador des Colomer and Formentor lighthouse,,private_vehicle_access_restricted,,official_road_reference_no_coordinates,"Ma-2210, Ma-10 km 0 resident-only toward Ma-10; Ma-2210 / Ma-2200 toward Mirador des Colomer and Formentor lighthouse, Pollença, Mallorca, Spain",https://www.caib.es/webgoib/es/-/mesures-de-control-restricci%C3%B3-i-tancament-3,Govern de les Illes Balears,2026-08-02T09:30:00+02:00,
bal-ma-13,Maioris / Puig de Ros urbanization accesses,Illes Balears,Illes Balears,Llucmajor,Mallorca,motor_vehicle_access_control,confirmed,high,2026-08-12T15:00:00+02:00,2026-08-12T21:00:00+02:00,,"Controls may begin earlier or continue later for safety, congestion or full parking.",Motor-vehicle access will be closed or regulated at the stated control point.,car; motorcycle; moped,accredited residents; persons with an accredited home in the restricted zone; accredited workers; public transport; hotel/accommodation guests under published conditions; restaurant customers with reservation and assured parking; emergency and essential public services; other vehicles specifically authorized by the competent authority,Ma-6014,km 6.200 and km 7.000,,private_vehicle_access_restricted,,official_road_reference_no_coordinates,"Ma-6014, km 6.200 and km 7.000, Llucmajor, Mallorca, Spain",https://www.caib.es/webgoib/es/-/mesures-de-control-restricci%C3%B3-i-tancament-3,Govern de les Illes Balears,2026-08-02T09:30:00+02:00,
bal-ma-14,Cap Blanc access,Illes Balears,Illes Balears,Llucmajor,Mallorca,motor_vehicle_access_control,confirmed,high,2026-08-12T15:00:00+02:00,2026-08-12T21:00:00+02:00,,"Controls may begin earlier or continue later for safety, congestion or full parking.",Motor-vehicle access will be closed or regulated at the stated control point.,car; motorcycle; moped,accredited residents; persons with an accredited home in the restricted zone; accredited workers; public transport; hotel/accommodation guests under published conditions; restaurant customers with reservation and assured parking; emergency and essential public services; other vehicles specifically authorized by the competent authority,Ma-6014,km 18.000,,private_vehicle_access_restricted,,official_road_reference_no_coordinates,"Ma-6014, km 18.000, Llucmajor, Mallorca, Spain",https://www.caib.es/webgoib/es/-/mesures-de-control-restricci%C3%B3-i-tancament-3,Govern de les Illes Balears,2026-08-02T09:30:00+02:00,
bal-ma-15,Santuari de Cura ascent,Illes Balears,Illes Balears,Algaida,Mallorca,motor_vehicle_access_control,confirmed,high,2026-08-12T15:00:00+02:00,2026-08-12T21:00:00+02:00,,"Controls may begin earlier or continue later for safety, congestion or full parking.",Motor-vehicle access will be closed or regulated at the stated control point.,car; motorcycle; moped,accredited residents; persons with an accredited home in the restricted zone; accredited workers; public transport; hotel/accommodation guests under published conditions; restaurant customers with reservation and assured parking; emergency and essential public services; other vehicles specifically authorized by the competent authority,Ma-5018,Restriction from start of Ma-5018,,private_vehicle_access_restricted,,official_road_reference_no_coordinates,"Ma-5018, Restriction from start of Ma-5018, Algaida, Mallorca, Spain",https://www.caib.es/webgoib/es/-/mesures-de-control-restricci%C3%B3-i-tancament-3,Govern de les Illes Balears,2026-08-02T09:30:00+02:00,
bal-ma-16,Platja de Palma road and parking controls,Illes Balears,Illes Balears,Palma,Mallorca,motor_vehicle_access_control,confirmed,high,2026-08-12T08:00:00+02:00,,,"08:00–12:00 accredited access only; from 12:00 wider vehicle closure, subject to published exceptions.","Traffic and parking are restricted in Platja de Palma; Ma-19 exits 6, 7A, 8, 11 and 12 toward Llucmajor are closed under the staged access regime.",car; motorcycle; moped,accredited residents; persons with an accredited home in the restricted zone; accredited workers; public transport; hotel/accommodation guests under published conditions; restaurant customers with reservation and assured parking; emergency and essential public services; other vehicles specifically authorized by the competent authority,Ma-19,"Exits 6, 7A, 8, 11 and 12 toward Llucmajor; wider beach-zone controls",,private_vehicle_access_restricted,,official_road_reference_no_coordinates,"Ma-19, Exits 6, 7A, 8, 11 and 12 toward Llucmajor; wider beach-zone controls, Palma, Mallorca, Spain",https://www.caib.es/webgoib/es/-/mesures-de-control-restricci%C3%B3-i-tancament-3,Govern de les Illes Balears,2026-08-02T09:30:00+02:00,
bal-ma-17,Puig de Sant Salvador ascent,Illes Balears,Illes Balears,Felanitx,Mallorca,motor_vehicle_access_control,confirmed,high,2026-08-12T15:00:00+02:00,2026-08-12T21:00:00+02:00,,"Controls may begin earlier or continue later for safety, congestion or full parking.",Motor-vehicle access will be closed or regulated at the stated control point.,car; motorcycle; moped,accredited residents; persons with an accredited home in the restricted zone; accredited workers; public transport; hotel/accommodation guests under published conditions; restaurant customers with reservation and assured parking; emergency and essential public services; other vehicles specifically authorized by the competent authority,Ma-4011,km 1.000,,private_vehicle_access_restricted,,official_road_reference_no_coordinates,"Ma-4011, km 1.000, Felanitx, Mallorca, Spain",https://www.caib.es/webgoib/es/-/mesures-de-control-restricci%C3%B3-i-tancament-3,Govern de les Illes Balears,2026-08-02T09:30:00+02:00,
bal-ma-18,Ermita de Betlem access,Illes Balears,Illes Balears,Artà,Mallorca,motor_vehicle_access_control,confirmed,high,2026-08-12T15:00:00+02:00,2026-08-12T21:00:00+02:00,,"Controls may begin earlier or continue later for safety, congestion or full parking.",Motor-vehicle access will be closed or regulated at the stated control point.,car; motorcycle; moped,accredited residents; persons with an accredited home in the restricted zone; accredited workers; public transport; hotel/accommodation guests under published conditions; restaurant customers with reservation and assured parking; emergency and essential public services; other vehicles specifically authorized by the competent authority,Ma-3333,km 5.000,,private_vehicle_access_restricted,,official_road_reference_no_coordinates,"Ma-3333, km 5.000, Artà, Mallorca, Spain",https://www.caib.es/webgoib/es/-/mesures-de-control-restricci%C3%B3-i-tancament-3,Govern de les Illes Balears,2026-08-02T09:30:00+02:00,
bal-ma-19,Ermita de Bonany ascent,Illes Balears,Illes Balears,Petra,Mallorca,motor_vehicle_access_control,confirmed,high,2026-08-12T15:00:00+02:00,2026-08-12T21:00:00+02:00,,"Controls may begin earlier or continue later for safety, congestion or full parking.",Motor-vehicle access will be closed or regulated at the stated control point.,car; motorcycle; moped,accredited residents; persons with an accredited home in the restricted zone; accredited workers; public transport; hotel/accommodation guests under published conditions; restaurant customers with reservation and assured parking; emergency and essential public services; other vehicles specifically authorized by the competent authority,,Start of ascent at Camí de Son Torrat,,private_vehicle_access_restricted,,official_road_reference_no_coordinates,"Start of ascent at Camí de Son Torrat, Petra, Mallorca, Spain",https://www.caib.es/webgoib/es/-/mesures-de-control-restricci%C3%B3-i-tancament-3,Govern de les Illes Balears,2026-08-02T09:30:00+02:00,
bal-ma-20,Faro de ses Salines access,Illes Balears,Illes Balears,Ses Salines,Mallorca,motor_vehicle_access_control,confirmed,high,2026-08-12T15:00:00+02:00,2026-08-12T21:00:00+02:00,,"Controls may begin earlier or continue later for safety, congestion or full parking.",Motor-vehicle access will be closed or regulated at the stated control point.,car; motorcycle; moped,accredited residents; persons with an accredited home in the restricted zone; accredited workers; public transport; hotel/accommodation guests under published conditions; restaurant customers with reservation and assured parking; emergency and essential public services; other vehicles specifically authorized by the competent authority,Ma-6110,Restriction from start of road,,private_vehicle_access_restricted,,official_road_reference_no_coordinates,"Ma-6110, Restriction from start of road, Ses Salines, Mallorca, Spain",https://www.caib.es/webgoib/es/-/mesures-de-control-restricci%C3%B3-i-tancament-3,Govern de les Illes Balears,2026-08-02T09:30:00+02:00,
bal-ma-21,Es Trenc / Ses Covetes / Salines beach access,Illes Balears,Illes Balears,Campos,Mallorca,motor_vehicle_access_control,confirmed,high,2026-08-12T15:00:00+02:00,2026-08-12T21:00:00+02:00,,"Controls may begin earlier or continue later for safety, congestion or full parking.",Motor-vehicle access will be closed or regulated at the stated control point.,car; motorcycle; moped,accredited residents; persons with an accredited home in the restricted zone; accredited workers; public transport; hotel/accommodation guests under published conditions; restaurant customers with reservation and assured parking; emergency and essential public services; other vehicles specifically authorized by the competent authority,Ma-6040,approximately km 9.000,,private_vehicle_access_restricted,,official_road_reference_no_coordinates,"Ma-6040, approximately km 9.000, Campos, Mallorca, Spain",https://www.caib.es/webgoib/es/-/mesures-de-control-restricci%C3%B3-i-tancament-3,Govern de les Illes Balears,2026-08-02T09:30:00+02:00,
bal-me-01,Camí de Tramuntana access,Illes Balears,Illes Balears,Es Mercadal,Menorca,motor_vehicle_access_control,confirmed,high,2026-08-12T15:00:00+02:00,2026-08-12T21:00:00+02:00,,"Controls may begin earlier or continue later for safety, congestion or full parking.",Motor-vehicle access will be closed or regulated.,car; motorcycle; moped,accredited residents; persons with an accredited home in the restricted zone; accredited workers; public transport; hotel/accommodation guests under published conditions; restaurant customers with reservation and assured parking; emergency and essential public services; other vehicles specifically authorized by the competent authority,Me-15,Es Mercadal – Me-15,,private_vehicle_access_restricted,,official_road_reference_no_coordinates,"Me-15, Es Mercadal – Me-15, Es Mercadal, Menorca, Spain",https://www.caib.es/webgoib/es/-/mesures-de-control-restricci%C3%B3-i-tancament-3,Govern de les Illes Balears,2026-08-02T09:30:00+02:00,
bal-me-02,Faro de Cavalleria access,Illes Balears,Illes Balears,Es Mercadal,Menorca,motor_vehicle_access_control,confirmed,high,2026-08-12T15:00:00+02:00,2026-08-12T21:00:00+02:00,,"Controls may begin earlier or continue later for safety, congestion or full parking.",Motor-vehicle access will be closed or regulated.,car; motorcycle; moped,accredited residents; persons with an accredited home in the restricted zone; accredited workers; public transport; hotel/accommodation guests under published conditions; restaurant customers with reservation and assured parking; emergency and essential public services; other vehicles specifically authorized by the competent authority,CF-3,Camí de Tramuntana – Faro de Cavalleria,,private_vehicle_access_restricted,,official_road_reference_no_coordinates,"CF-3, Camí de Tramuntana – Faro de Cavalleria, Es Mercadal, Menorca, Spain",https://www.caib.es/webgoib/es/-/mesures-de-control-restricci%C3%B3-i-tancament-3,Govern de les Illes Balears,2026-08-02T09:30:00+02:00,
bal-me-03,El Toro access,Illes Balears,Illes Balears,Es Mercadal,Menorca,motor_vehicle_access_control,confirmed,high,2026-08-12T15:00:00+02:00,2026-08-12T21:00:00+02:00,,"Controls may begin earlier or continue later for safety, congestion or full parking.",Motor-vehicle access will be closed or regulated.,car; motorcycle; moped,accredited residents; persons with an accredited home in the restricted zone; accredited workers; public transport; hotel/accommodation guests under published conditions; restaurant customers with reservation and assured parking; emergency and essential public services; other vehicles specifically authorized by the competent authority,Me-13,Es Mercadal – El Toro,,private_vehicle_access_restricted,,official_road_reference_no_coordinates,"Me-13, Es Mercadal – El Toro, Es Mercadal, Menorca, Spain",https://www.caib.es/webgoib/es/-/mesures-de-control-restricci%C3%B3-i-tancament-3,Govern de les Illes Balears,2026-08-02T09:30:00+02:00,
bal-me-04,Faro de Punta Nati access and parking,Illes Balears,Illes Balears,Ciutadella,Menorca,motor_vehicle_access_control,confirmed,high,2026-08-12T08:00:00+02:00,,,Vehicle access and parking closed from 08:00.,Vehicle access to Punta Nati lighthouse and its parking area is closed from 08:00.,car; motorcycle; moped,accredited residents; persons with an accredited home in the restricted zone; accredited workers; public transport; hotel/accommodation guests under published conditions; restaurant customers with reservation and assured parking; emergency and essential public services; other vehicles specifically authorized by the competent authority,CF-5,RC-1 – Faro de Punta Nati,,private_vehicle_access_restricted,,official_road_reference_no_coordinates,"CF-5, RC-1 – Faro de Punta Nati, Ciutadella, Menorca, Spain",https://www.caib.es/webgoib/es/-/mesures-de-control-restricci%C3%B3-i-tancament-3,Govern de les Illes Balears,2026-08-02T09:30:00+02:00,
bal-ib-01,Cala d'Hort access,Illes Balears,Illes Balears,Sant Josep de sa Talaia,Eivissa,motor_vehicle_access_control,confirmed,high,2026-08-12T15:00:00+02:00,2026-08-12T21:00:00+02:00,,"Controls may begin earlier or continue later for safety, congestion or full parking.",Motor-vehicle access will be closed or regulated at the stated control point.,car; motorcycle; moped,accredited residents; persons with an accredited home in the restricted zone; accredited workers; public transport; hotel/accommodation guests under published conditions; restaurant customers with reservation and assured parking; emergency and essential public services; other vehicles specifically authorized by the competent authority,,"Cala Vedella local road / Cala d'Hort local road, km 4.300",,private_vehicle_access_restricted,,official_road_reference_no_coordinates,"Cala d'Hort access, Cala Vedella local road / Cala d'Hort local road, km 4.300, Ibiza, Spain",https://www.caib.es/webgoib/es/-/mesures-de-control-restricci%C3%B3-i-tancament-3,Govern de les Illes Balears,2026-08-02T09:30:00+02:00,
bal-ib-02,Cala Comte access,Illes Balears,Illes Balears,Sant Josep de sa Talaia,Eivissa,motor_vehicle_access_control,confirmed,high,2026-08-12T15:00:00+02:00,2026-08-12T21:00:00+02:00,,"Controls may begin earlier or continue later for safety, congestion or full parking.",Motor-vehicle access will be closed or regulated at the stated control point.,car; motorcycle; moped,accredited residents; persons with an accredited home in the restricted zone; accredited workers; public transport; hotel/accommodation guests under published conditions; restaurant customers with reservation and assured parking; emergency and essential public services; other vehicles specifically authorized by the competent authority,EI-701,km 4.500,,private_vehicle_access_restricted,,official_road_reference_no_coordinates,"Cala Comte access, EI-701, km 4.500, Ibiza, Spain",https://www.caib.es/webgoib/es/-/mesures-de-control-restricci%C3%B3-i-tancament-3,Govern de les Illes Balears,2026-08-02T09:30:00+02:00,
bal-ib-03,Cala Molí access,Illes Balears,Illes Balears,Sant Josep de sa Talaia,Eivissa,motor_vehicle_access_control,confirmed,high,2026-08-12T15:00:00+02:00,2026-08-12T21:00:00+02:00,,"Controls may begin earlier or continue later for safety, congestion or full parking.",Motor-vehicle access will be closed or regulated at the stated control point.,car; motorcycle; moped,accredited residents; persons with an accredited home in the restricted zone; accredited workers; public transport; hotel/accommodation guests under published conditions; restaurant customers with reservation and assured parking; emergency and essential public services; other vehicles specifically authorized by the competent authority,,"Cala Molí road / Cala Tarida intersection, km 3.600",,private_vehicle_access_restricted,,official_road_reference_no_coordinates,"Cala Molí access, Cala Molí road / Cala Tarida intersection, km 3.600, Ibiza, Spain",https://www.caib.es/webgoib/es/-/mesures-de-control-restricci%C3%B3-i-tancament-3,Govern de les Illes Balears,2026-08-02T09:30:00+02:00,
bal-ib-04,Cala Bassa access,Illes Balears,Illes Balears,Sant Josep de sa Talaia,Eivissa,motor_vehicle_access_control,confirmed,high,2026-08-12T15:00:00+02:00,2026-08-12T21:00:00+02:00,,"Controls may begin earlier or continue later for safety, congestion or full parking.",Motor-vehicle access will be closed or regulated at the stated control point.,car; motorcycle; moped,accredited residents; persons with an accredited home in the restricted zone; accredited workers; public transport; hotel/accommodation guests under published conditions; restaurant customers with reservation and assured parking; emergency and essential public services; other vehicles specifically authorized by the competent authority,EI-702,"EI-702 / Cala Bassa road intersection, km 1.900",,private_vehicle_access_restricted,,official_road_reference_no_coordinates,"Cala Bassa access, EI-702, EI-702 / Cala Bassa road intersection, km 1.900, Ibiza, Spain",https://www.caib.es/webgoib/es/-/mesures-de-control-restricci%C3%B3-i-tancament-3,Govern de les Illes Balears,2026-08-02T09:30:00+02:00,
bal-fo-01,Cap de Barbaria / Cala Saona access,Illes Balears,Illes Balears,Formentera,Formentera,motor_vehicle_access_control,confirmed,high,2026-08-12T15:00:00+02:00,2026-08-12T21:00:00+02:00,,"Controls may begin earlier or continue later for safety, congestion or full parking.",Motor-vehicle access will be closed or regulated at the PM-820-1 control point.,car; motorcycle; moped,accredited residents; persons with an accredited home in the restricted zone; accredited workers; public transport; hotel/accommodation guests under published conditions; restaurant customers with reservation and assured parking; emergency and essential public services; other vehicles specifically authorized by the competent authority,PM-820-1,"km 2.500, junction toward Cap de Barbaria and Cala Saona",,private_vehicle_access_restricted,,official_road_reference_no_coordinates,"PM-820-1 km 2.5 Cap de Barbaria Cala Saona, Formentera, Spain",https://www.caib.es/webgoib/es/-/mesures-de-control-restricci%C3%B3-i-tancament-3,Govern de les Illes Balears,2026-08-02T09:30:00+02:00,
bal-special-01,Bosque de Bellver,Illes Balears,Illes Balears,Palma,Mallorca,site_closure,confirmed,high,2026-08-12T00:00:00+02:00,2026-08-12T23:59:59+02:00,,Closed all day.,The forest is closed for the entire day.,pedestrian; vehicle_access; eclipse_observation,,,,,viewing_location_unavailable,,not_published,"Bosque de Bellver, Palma, Mallorca, Spain",https://www.caib.es/webgoib/es/-/mesures-de-control-restricci%C3%B3-i-tancament-3,Govern de les Illes Balears,2026-08-02T09:30:00+02:00,
bal-special-02,Santa Ponça access control,Illes Balears,Illes Balears,Calvià,Mallorca,capacity_based_access_closure,confirmed,high,2026-08-11,,,Device starts 24 hours before the eclipse; access closes when capacity is reached.,Access is controlled and will close when the official observation zone reaches maximum capacity.,vehicle_access,residents; persons with justified accredited travel,,,,access_may_close_before_arrival,,not_published,"Santa Ponça, Calvià, Mallorca, Spain",https://www.caib.es/webgoib/es/-/mesures-de-control-restricci%C3%B3-i-tancament-3,Govern de les Illes Balears,2026-08-02T09:30:00+02:00,
bal-special-03,Puig de sa Morisca,Illes Balears,Illes Balears,Calvià,Mallorca,site_access_prohibited,confirmed,high,,,2026-08-12,"Part of the Santa Ponça device, active from 11 August.",Public access is not permitted under the Santa Ponça / Calvià eclipse device.,pedestrian; vehicle_access; eclipse_observation,"residents and justified accredited travel, where applicable",,,,viewing_location_unavailable,,not_published,"Puig de sa Morisca, Calvià, Mallorca, Spain",https://www.caib.es/webgoib/es/-/mesures-de-control-restricci%C3%B3-i-tancament-3,Govern de les Illes Balears,2026-08-02T09:30:00+02:00,
bal-special-04,El Toro viewpoints (Calvià),Illes Balears,Illes Balears,Calvià,Mallorca,site_access_prohibited,confirmed,high,,,2026-08-12,"Part of the Santa Ponça device, active from 11 August.",Public access is not permitted under the Santa Ponça / Calvià eclipse device.,pedestrian; vehicle_access; eclipse_observation,"residents and justified accredited travel, where applicable",,,,viewing_location_unavailable,,not_published,"El Toro viewpoints (Calvià), Calvià, Mallorca, Spain",https://www.caib.es/webgoib/es/-/mesures-de-control-restricci%C3%B3-i-tancament-3,Govern de les Illes Balears,2026-08-02T09:30:00+02:00,
bal-special-05,Illes Malgrats viewpoints,Illes Balears,Illes Balears,Calvià,Mallorca,site_access_prohibited,confirmed,high,,,2026-08-12,"Part of the Santa Ponça device, active from 11 August.",Public access is not permitted under the Santa Ponça / Calvià eclipse device.,pedestrian; vehicle_access; eclipse_observation,"residents and justified accredited travel, where applicable",,,,viewing_location_unavailable,,not_published,"Illes Malgrats viewpoints, Calvià, Mallorca, Spain",https://www.caib.es/webgoib/es/-/mesures-de-control-restricci%C3%B3-i-tancament-3,Govern de les Illes Balears,2026-08-02T09:30:00+02:00,
bal-special-06,Ciutadella official observation-zone roads,Illes Balears,Illes Balears,Ciutadella,Menorca,traffic_closure,confirmed,high,2026-08-12T17:00:00+02:00,,,May start earlier depending on attendance.,"Traffic closes in the official observation zones: Cala en Blanes, Son Oleo–Son Blanc, Cala Blanca zones B and C, and the Cap d'Artrutx seafront.",vehicle_access,accredited residents; persons with an accredited home in the restricted zone; accredited workers; public transport; hotel/accommodation guests under published conditions; restaurant customers with reservation and assured parking; emergency and essential public services; other vehicles specifically authorized by the competent authority,,,,vehicle_access_to_viewing_zones_closed,,not_published,"Ciutadella official eclipse observation zones, Menorca, Spain",https://www.caib.es/webgoib/es/-/mesures-de-control-restricci%C3%B3-i-tancament-3,Govern de les Illes Balears,2026-08-02T09:30:00+02:00,
cat-traffic-01,AP-7 southbound Martorell–Ulldecona,Catalunya,"[""Barcelona"", ""Tarragona""]",,,heavy_vehicle_circulation_ban,confirmed,high,2026-08-12T14:00:00+02:00,2026-08-13T00:00:00+02:00,,,Heavy vehicles are prohibited from circulating southbound on the AP-7 between Martorell and Ulldecona.,heavy_goods_vehicle,,AP-7,Martorell–Ulldecona,southbound,passenger_cars_not_directly_restricted,,not_published,"AP-7 Martorell Ulldecona, Catalonia, Spain",https://web.gencat.cat/ca/inici/actualitat/dispositiu-eclpisi-solar-12-agost,Generalitat de Catalunya,2026-08-02T09:30:00+02:00,
cat-traffic-02,N-340 Vilafranca del Penedès–Ulldecona,Catalunya,"[""Barcelona"", ""Tarragona""]",,,heavy_vehicle_circulation_ban,confirmed,high,2026-08-12T14:00:00+02:00,2026-08-13T00:00:00+02:00,,,Heavy-vehicle circulation is restricted on the N-340 between Vilafranca del Penedès and Ulldecona. The summary page does not specify direction for this item.,heavy_goods_vehicle,,N-340,Vilafranca del Penedès–Ulldecona,not specified,passenger_cars_not_directly_restricted,,not_published,"N-340 Vilafranca del Penedès Ulldecona, Catalonia, Spain",https://web.gencat.cat/ca/inici/actualitat/dispositiu-eclpisi-solar-12-agost,Generalitat de Catalunya,2026-08-02T09:30:00+02:00,
cat-traffic-03,Northbound Ulldecona–El Vendrell heavy-vehicle lane rule,Catalunya,Tarragona,,,heavy_vehicle_lane_speed_overtaking_restriction,confirmed,high,2026-08-12T14:00:00+02:00,2026-08-13T00:00:00+02:00,,,"Northbound heavy vehicles must remain in the right lane, travel at no more than 80 km/h and may not overtake.",heavy_goods_vehicle,,,Ulldecona–El Vendrell,northbound,passenger_cars_not_directly_restricted,,not_published,"Ulldecona El Vendrell road corridor, Catalonia, Spain",https://web.gencat.cat/ca/inici/actualitat/dispositiu-eclpisi-solar-12-agost,Generalitat de Catalunya,2026-08-02T09:30:00+02:00,
cat-access-01,Municipal access-regulation zone: lower Ebro and mountain sites,Catalunya,"[""Tarragona""]","[""L'Ampolla"", ""L'Aldea"", ""Deltebre"", ""Sant Jaume d'Enveja"", ""Amposta"", ""La Ràpita"", ""Alforja"", ""Vilanova de Prades""]",,access_regulation_announced,confirmed_framework_details_pending,medium,,,2026-08-12,Exact municipal control points and hours not published on the regional summary page.,"Special access regulation is announced for l'Ampolla, l'Aldea, Deltebre, Sant Jaume d'Enveja, Amposta, la Ràpita, Alforja and Vilanova de Prades. Dedicated parking and walking routes will be used.",vehicle_access; parking,,,,,local_access_controls_expected,,municipalities_named_no_control_geometry,"L'Ampolla L'Aldea Deltebre Sant Jaume d'Enveja Amposta La Ràpita Alforja Vilanova de Prades, Catalonia, Spain",https://web.gencat.cat/ca/inici/actualitat/dispositiu-eclpisi-solar-12-agost,Generalitat de Catalunya,2026-08-02T09:30:00+02:00,
cat-site-01,Observatori de l'Ebre,Catalunya,Tarragona,Roquetes,,site_closure,confirmed,high,,,2026-08-12,Closed to the public for the event day.,The observatory will remain closed to the public because of limited capacity; a live telescope broadcast is planned.,public_entry; eclipse_observation,,,,,viewing_location_unavailable,,not_published,"Observatori de l'Ebre, Roquetes, Tarragona, Spain",https://observatoriebre.gencat.cat/en/detalls/noticia/20250527-eclipsi-solar-total-2026,Observatori de l'Ebre / Generalitat de Catalunya,2026-08-02T09:30:00+02:00,
rioja-forest-01,All forest land in La Rioja,La Rioja,La Rioja,,,internal_combustion_motor_vehicle_ban,reported_government_measure,medium_high,2026-08-12T15:00:00+02:00,2026-08-13T07:00:00+02:00,,,Circulation of internal-combustion motor vehicles on forest land is prohibited.,petrol_vehicle; diesel_vehicle; internal_combustion_motorcycle,access to inhabited settlements; surveillance services; two designated observation points,,,,forest_and_mountain_car_access_prohibited,,regionwide_legal_land_class_no_polygon_attached,"forest land, La Rioja, Spain",https://cadenaser.com/rioja/2026/07/30/el-gobierno-de-la-rioja-lanza-varias-medidas-extraordinarias-para-evitar-incendios-el-dia-del-eclipse-radio-rioja/; https://web.larioja.org/eclipse/,Cadena SER Radio Rioja; Gobierno de La Rioja,2026-08-02T09:30:00+02:00,"The official eclipse portal separately says vehicles must not enter forest tracks, rural roads or unauthorized spaces. The underlying published cadastral/forestry polygon was not attached to the announcement."
cantabria-fire-01,Entire territory of Cantabria,Cantabria,Cantabria,,,fire_related_activity_suspension,confirmed,high,2026-08-11T12:00:00+02:00,2026-08-13T12:00:00+02:00,,,All activities related to the use of fire are suspended as an extraordinary eclipse-related wildfire-prevention measure.,activities_using_fire,,,,,viewing_access_not_banned_activity_only,,regionwide_rule_boundary_not_embedded,"Cantabria, Spain",https://noticias.juridicas.com/base_datos/CCAA/1003100-r-desarrollo-rural-ganaderia-pesca-y-alimentacion-12-jun-2026-ca-cantabria.html,Gobierno de Cantabria (republished by Noticias Jurídicas),2026-08-02T09:30:00+02:00,This is not a general ban on entering forests or mountains.
euskadi-hgv-01,Entire Euskadi road network,País Vasco / Euskadi,,,,heavy_vehicle_circulation_ban,confirmed_updated_measure,high,2026-08-12T17:00:00+02:00,2026-08-12T23:59:00+02:00,,,"Vehicles or vehicle combinations over 7,500 kg maximum authorized mass may not circulate on the Euskadi road network during the stated period.",vehicle_over_7500kg,,,,,passenger_cars_not_directly_restricted,,road_network_rule_no_geometry,"Euskadi road network, Spain",https://www.irekia.euskadi.eus/es/news/112148-gobierno-vasco-limita-restriccion-circulacion-por-eclipse-los-vehiculos-pesados-las-horas-mayor-intensidad-trafico-tras-reunirse-con-sector-del-transporte,Gobierno Vasco / Irekia,2026-08-02T09:30:00+02:00,
navarra-hgv-01,Public road network of Navarra,Navarra,Navarra,,,heavy_goods_vehicle_circulation_ban,confirmed,high,2026-08-12T17:00:00+02:00,2026-08-12T23:59:00+02:00,,,"Goods vehicles or combinations over 7,500 kg MMA/MMC may not circulate on Navarra public roads.",goods_vehicle_over_7500kg,"AP-68 km 162.56–166.85 in both directions (La Rioja boundary to La Rioja boundary); AP-68 km 201.62–236.98 in both directions (La Rioja boundary to Zaragoza boundary); other exemptions in the traffic resolution, where applicable",,,,passenger_cars_not_directly_restricted,,road_network_rule_no_geometry,"Navarra public road network, Spain",https://navarramasvoluntaria.navarra.es/es/noticias/el-dispositivo-de-seguridad-desplegado-para-el-dia-del-eclipse-en-navarra-estara-formado-por-1-165-personas,Gobierno de Navarra,2026-08-02T09:30:00+02:00,
valencia-site-01,Parc Natural de l'Albufera and Devesa,Comunitat Valenciana,València,València,,natural_area_closure,reported_confirmed,medium,2026-08-12T00:00:00+02:00,2026-08-12T23:59:59+02:00,,,The natural park and Devesa are to remain closed on eclipse day.,public_access; vehicle_access; eclipse_observation,,,,,viewing_location_unavailable,,named_protected_area_no_official_polygon_attached,"Parc Natural de l'Albufera, Valencia, Spain",https://cadenaser.com/comunitat-valenciana/2026/07/28/dispositivo-de-seguridad-por-el-eclipse-en-valencia-se-cerrara-la-albufera-y-habra-mas-de-mil-policias-vigilando-radio-valencia/,Cadena SER Radio Valencia,2026-08-02T09:30:00+02:00,
valencia-road-01,CV-500 through l'Albufera area,Comunitat Valenciana,València,València,,motor_vehicle_access_restriction,reported_confirmed,medium,2026-08-12T18:00:00+02:00,,,End time not published in the cited announcement.,"Traffic on the CV-500 is restricted from 18:00, except for accredited residents and emergency/security access.",private_motor_vehicle,accredited residents; emergency and security services,CV-500,l'Albufera / El Palmar corridor,,private_vehicle_access_restricted,,road_corridor_named_no_geometry,"CV-500 Albufera El Palmar, Valencia, Spain",https://cadenaser.com/comunitat-valenciana/2026/07/28/dispositivo-de-seguridad-por-el-eclipse-en-valencia-se-cerrara-la-albufera-y-habra-mas-de-mil-policias-vigilando-radio-valencia/,Cadena SER Radio Valencia,2026-08-02T09:30:00+02:00,
valencia-control-01,El Palmar and l'Albufera lake access-control area,Comunitat Valenciana,València,València,,strict_access_control,reported_confirmed,medium,,,2026-08-12,Exact perimeter and hours not published in the cited announcement.,Strict access controls are announced for El Palmar and the lake surroundings.,vehicle_access; public_access,,,,,access_controls_expected,,named_area_no_boundary,"El Palmar l'Albufera, Valencia, Spain",https://cadenaser.com/comunitat-valenciana/2026/07/28/dispositivo-de-seguridad-por-el-eclipse-en-valencia-se-cerrara-la-albufera-y-habra-mas-de-mil-policias-vigilando-radio-valencia/,Cadena SER Radio Valencia,2026-08-02T09:30:00+02:00,
zaragoza-city-01,Municipality of Zaragoza,Aragón,Zaragoza,Zaragoza,,temporary_speed_and_lighting_rule,confirmed,high,2026-08-12 20:00 local time,when public street lighting is switched on,,,Maximum speed 30 km/h throughout the municipality and dipped headlights mandatory.,motor_vehicle,,,,,traffic_rule_not_access_ban,,municipal_rule_no_boundary_embedded,"Zaragoza municipality, Spain",https://www.zaragoza.es/sede/portal/zaragoza-eclipsa/servicio/noticia/359827,Ayuntamiento de Zaragoza,2026-08-02T09:30:00+02:00,
zaragoza-bridge-01,Puente de la Almozara — west side and elevated central promenade,Aragón,Zaragoza,Zaragoza,,planned_traffic_closure,planned_not_final,medium,approximately 2026-08-12 20:00 local time,when public street lighting is switched on,,,Road traffic closure proposed; bicycles and personal-mobility vehicles also excluded from the elevated central promenade.,motor_vehicle,,,,,bridge_road_access_expected_closed,,named_bridge_no_geometry,"Puente de la Almozara — west side and elevated central promenade, Zaragoza, Spain",https://www.zaragoza.es/sede/portal/zaragoza-eclipsa/servicio/noticia/359827,Ayuntamiento de Zaragoza,2026-08-02T09:30:00+02:00,The municipal article uses 'se prevé'/'se propone'; the complete final device will be published nearer 12 August.
zaragoza-bridge-02,Puente de Santiago,Aragón,Zaragoza,Zaragoza,,planned_traffic_closure,planned_not_final,medium,approximately 2026-08-12 20:00 local time,when public street lighting is switched on,,,Road traffic closure proposed; bridge reserved for pedestrians during the device.,motor_vehicle,,,,,bridge_road_access_expected_closed,,named_bridge_no_geometry,"Puente de Santiago, Zaragoza, Spain",https://www.zaragoza.es/sede/portal/zaragoza-eclipsa/servicio/noticia/359827,Ayuntamiento de Zaragoza,2026-08-02T09:30:00+02:00,The municipal article uses 'se prevé'/'se propone'; the complete final device will be published nearer 12 August.
zaragoza-bridge-03,Puente de Piedra,Aragón,Zaragoza,Zaragoza,,planned_traffic_closure,planned_not_final,medium,approximately 2026-08-12 20:00 local time,when public street lighting is switched on,,,Road traffic closure proposed; bridge reserved for pedestrians during the device.,motor_vehicle,,,,,bridge_road_access_expected_closed,,named_bridge_no_geometry,"Puente de Piedra, Zaragoza, Spain",https://www.zaragoza.es/sede/portal/zaragoza-eclipsa/servicio/noticia/359827,Ayuntamiento de Zaragoza,2026-08-02T09:30:00+02:00,The municipal article uses 'se prevé'/'se propone'; the complete final device will be published nearer 12 August.
zaragoza-bridge-04,Puente del Pilar — west side,Aragón,Zaragoza,Zaragoza,,planned_traffic_closure,planned_not_final,medium,approximately 2026-08-12 20:00 local time,when public street lighting is switched on,,,Road traffic closure proposed; west side reserved for pedestrians.,motor_vehicle,,,,,bridge_road_access_expected_closed,,named_bridge_no_geometry,"Puente del Pilar — west side, Zaragoza, Spain",https://www.zaragoza.es/sede/portal/zaragoza-eclipsa/servicio/noticia/359827,Ayuntamiento de Zaragoza,2026-08-02T09:30:00+02:00,The municipal article uses 'se prevé'/'se propone'; the complete final device will be published nearer 12 August.
zaragoza-walk-01,Pasarela del Voluntariado,Aragón,Zaragoza,Zaragoza,,planned_pedestrian_closure,planned_not_final,medium,during the eclipse mobility device on 2026-08-12,not yet published,,,The footbridge is planned to remain closed to pedestrian traffic during the device.,pedestrian,,,,,viewing_location_unavailable,,named_bridge_no_geometry,"Pasarela del Voluntariado, Zaragoza, Spain",https://www.zaragoza.es/sede/portal/zaragoza-eclipsa/servicio/noticia/359827,Ayuntamiento de Zaragoza,2026-08-02T09:30:00+02:00,Final detailed municipal order is still pending.
